Code label,Map label,cn_a2_code,cn_continent
Afghanistan,Afghanistan,AF,AS
Albania,Albania,AL,EU
Algeria,Algeria,DZ,AF
Angola,Angola,AO,AF
Antigua And Barbuda,Antigua and Barbuda,AG,NA
Argentina,Argentina,AR,SA
Armenia,Armenia,AM,AS
Australia,Australia,AU,OC
Austria,Austria,AT,EU
Azerbaijan,Azerbaijan,AZ,AS
Bahamas,Bahamas,BS,NA
Bangladesh,Bangladesh,BD,AS
Barbados,Barbados,BB,NA
Belarus,Belarus,BY,EU
Belgium,Belgium,BE,EU
Belize,Belize,BZ,NA
Benin,Benin,BJ,AF
Bhutan,Bhutan,BT,AS
Bolivia,Bolivia,BO,SA
Bosnia And Herzegovina,Bosnia and Herzegovina,BA,EU
Botswana,Botswana,BW,AF
Brazil,Brazil,BR,SA
Brunei,Brunei Darussalam,BN,AS
Bulgaria,Bulgaria,BG,EU
Burkina Faso,Burkina Faso,BF,AF
Burundi,Burundi,BI,AF
Cambodia,Cambodia,KH,AS
Cameroon,Cameroon,CM,AF
Canada,Canada,CA,NA
Chad,Chad,TD,AF
Chile,Chile,CL,SA
China,China,CN,AS
Colombia,Colombia,CO,SA
Comoros,Comoros,KM,AF
Congo,Congo,CG,AF
Costa Rica,Costa Rica,CR,NA
Croatia,Croatia,HR,EU
Cyprus,Cyprus,CY,AS
Czechia,Czechia,CZ,EU
Democratic Republic Of Congo,Democratic Republic of the Congo,CD,AF
Denmark,Denmark,DK,EU
Djibouti,Djibouti,DJ,AF
Dominican Republic,Dominican Republic,DO,NA
Ecuador,Ecuador,EC,SA
Egypt,Egypt,EG,AF
El Salvador,El Salvador,SV,NA
Equatorial Guinea,Equatorial Guinea,GQ,AF
Eritrea,Eritrea,ER,AF
Estonia,Estonia,EE,EU
Eswatini,Eswatini,SZ,AF
Ethiopia,Ethiopia,ET,AF
Fiji,Fiji,FJ,OC
Finland,Finland,FI,EU
France,France,FR,EU
Gabon,Gabon,GA,AF
Gambia,Gambia,GM,AF
Georgia,Georgia,GE,AS
Germany,Germany,DE,EU
Ghana,Ghana,GH,AF
Greece,Greece,GR,EU
Grenada,Grenada,GD,NA
Guatemala,Guatemala,GT,NA
Guinea,Guinea,GN,AF
Guinea-Bissau,Guinea-Bissau,GW,AF
Guyana,Guyana,GY,SA
Haiti,Haiti,HT,NA
Honduras,Honduras,HN,NA
Hong Kong,Hong Kong,HK,AS
Hungary,Hungary,HU,EU
Iceland,Iceland,IS,EU
India,India,IN,AS
Indonesia,Indonesia,ID,AS
Iran,Iran,IR,AS
Iraq,Iraq,IQ,AS
Ireland,Ireland,IE,EU
Israel,Israel,IL,AS
Italy,Italy,IT,EU
Jamaica,Jamaica,JM,NA
Japan,Japan,JP,AS
Jordan,Jordan,JO,AS
Kazakhstan,Kazakhstan,KZ,AS
Kenya,Kenya,KE,AF
Kuwait,Kuwait,KW,AS
Kyrgyzstan,Kyrgyzstan,KG,AS
Latvia,Latvia,LV,EU
Lebanon,Lebanon,LB,AS
Lesotho,Lesotho,LS,AF
Liberia,Liberia,LR,AF
Libya,Libya,LY,AF
Lithuania,Lithuania,LT,EU
Luxembourg,Luxembourg,LU,EU
Madagascar,Madagascar,MG,AF
Malawi,Malawi,MW,AF
Malaysia,Malaysia,MY,AS
Mali,Mali,ML,AF
Malta,Malta,MT,EU
Mauritania,Mauritania,MR,AF
Mauritius,Mauritius,MU,AF
Mexico,Mexico,MX,NA
Moldova,"Moldova, Republic of",MD,EU
Mongolia,Mongolia,MN,AS
Montenegro,Montenegro,ME,EU
Morocco,Morocco,MA,AF
Mozambique,Mozambique,MZ,AF
Myanmar,Myanmar,MM,AS
Namibia,Namibia,NA,AF
Nepal,Nepal,NP,AS
Netherlands,Netherlands,NL,EU
New Zealand,New Zealand,NZ,OC
Nicaragua,Nicaragua,NI,NA
Niger,Niger,NE,AF
Nigeria,Nigeria,NG,AF
North Macedonia,North Macedonia,MK,EU
Norway,Norway,NO,EU
Pakistan,Pakistan,PK,AS
Palestine,"Palestine, State of",PS,AS
Panama,Panama,PA,NA
Papua New Guinea,Papua New Guinea,PG,OC
Paraguay,Paraguay,PY,SA
Peru,Peru,PE,SA
Philippines,Philippines,PH,AS
Poland,Poland,PL,EU
Portugal,Portugal,PT,EU
Romania,Romania,RO,EU
Russia,Russian Federation,RU,EU
Rwanda,Rwanda,RW,AF
Saint Lucia,Saint Lucia,LC,NA
Saint Vincent And The Grenadines,Saint Vincent and the Grenadines,VC,NA
Sao Tome And Principe,Sao Tome and Principe,ST,AF
Saudi Arabia,Saudi Arabia,SA,AS
Senegal,Senegal,SN,AF
Serbia,Serbia,RS,EU
Seychelles,Seychelles,SC,AF
Sierra Leone,Sierra Leone,SL,AF
Singapore,Singapore,SG,AS
Slovakia,Slovakia,SK,EU
Slovenia,Slovenia,SI,EU
South Africa,South Africa,ZA,AF
Spain,Spain,ES,EU
Sri Lanka,Sri Lanka,LK,AS
Sudan,Sudan,SD,AF
Suriname,Suriname,SR,SA
Sweden,Sweden,SE,EU
Switzerland,Switzerland,CH,EU
Tajikistan,Tajikistan,TJ,AS
Tanzania,"Tanzania, United Republic of",TZ,AF
Thailand,Thailand,TH,AS
Timor,Timor-Leste,TL,Unknown
Togo,Togo,TG,AF
Trinidad And Tobago,Trinidad and Tobago,TT,NA
Tunisia,Tunisia,TN,AF
Turkey,Turkey,TR,AS
Uganda,Uganda,UG,AF
Ukraine,Ukraine,UA,EU
United Kingdom,United Kingdom of Great Britain and Northern Ireland,GB,EU
United States,United States of America,US,NA
Uruguay,Uruguay,UY,SA
Uzbekistan,Uzbekistan,UZ,AS
Vanuatu,Vanuatu,VU,OC
Venezuela,Venezuela,VE,SA
Yemen,Yemen,YE,AS
Zambia,Zambia,ZM,AF
Zimbabwe,Zimbabwe,ZW,AF
